id,ctrl_limit_left,ctrl_limit_right
0,-0.523599,0.174533
1,-0.698132,0.488692
2,-1.0472,1.0472
3,0,1.22173
4,-0.20944,0.20944
5,-0.698132,0.698132
6,-0.261799,1.5708
7,-0.349066,0.349066
8,-0.261799,1.5708
9,0,3.1415
10,-0.349066,0.349066
11,-0.261799,1.5708
12,0,3.1415
13,-0.349066,0.349066
14,-0.261799,1.5708
15,0,3.1415
16,0,0.785398
17,-0.349066,0.349066
18,-0.261799,1.5708
19,0,3.1415
